{
  "0": {
    "AUROC": 0.7213032245635986,
    "Accuracy": 0.6414820551872253,
    "ConfusionMatrix": [
      [15663, 6, 1, 10548],
      [2870, 1, 0, 5247],
      [1665, 2, 0, 4539],
      [2551, 3, 0, 33419]
    ],
    "F1Score": 0.6414820551872253,
    "Precision": 0.6414820551872253,
    "Recall": 0.6414820551872253
  },
  "1": {
    "AUROC": 0.821891725063324,
    "Accuracy": 0.7033392190933228,
    "ConfusionMatrix": [
      [21071, 5, 0, 5142],
      [4036, 116, 0, 3966],
      [2456, 1, 0, 3749],
      [3342, 2, 0, 32629]
    ],
    "F1Score": 0.7033392190933228,
    "Precision": 0.7033392190933228,
    "Recall": 0.7033392190933228
  },
  "2": {
    "AUROC": 0.8418619632720947,
    "Accuracy": 0.7159380316734314,
    "ConfusionMatrix": [
      [21595, 51, 1, 4571],
      [3918, 538, 0, 3662],
      [2735, 12, 7, 3452],
      [3294, 38, 1, 32640]
    ],
    "F1Score": 0.7159380316734314,
    "Precision": 0.7159380316734314,
    "Recall": 0.7159380316734314
  },
  "3": {
    "AUROC": 0.8498097658157349,
    "Accuracy": 0.7256616353988647,
    "ConfusionMatrix": [
      [21823, 132, 9, 4254],
      [3696, 1002, 1, 3419],
      [2772, 23, 17, 3394],
      [3222, 66, 3, 32682]
    ],
    "F1Score": 0.7256616353988647,
    "Precision": 0.7256616353988647,
    "Recall": 0.7256616353988647
  },
  "4": {
    "AUROC": 0.8562746047973633,
    "Accuracy": 0.7300921678543091,
    "ConfusionMatrix": [
      [21816, 242, 29, 4131],
      [3469, 1335, 2, 3312],
      [2813, 45, 47, 3301],
      [3156, 140, 12, 32665]
    ],
    "F1Score": 0.7300921678543091,
    "Precision": 0.7300921678543091,
    "Recall": 0.7300921678543091
  },
  "5": {
    "AUROC": 0.8591102361679077,
    "Accuracy": 0.734548807144165,
    "ConfusionMatrix": [
      [21827, 301, 46, 4044],
      [3416, 1606, 7, 3089],
      [2827, 63, 94, 3222],
      [3077, 187, 32, 32677]
    ],
    "F1Score": 0.734548807144165,
    "Precision": 0.734548807144165,
    "Recall": 0.734548807144165
  },
  "6": {
    "AUROC": 0.859858512878418,
    "Accuracy": 0.7380905747413635,
    "ConfusionMatrix": [
      [21788, 380, 91, 3959],
      [3189, 1830, 11, 3088],
      [2817, 69, 177, 3143],
      [3037, 221, 35, 32680]
    ],
    "F1Score": 0.7380905747413635,
    "Precision": 0.7380905747413635,
    "Recall": 0.7380905747413635
  },
  "7": {
    "AUROC": 0.8646221160888672,
    "Accuracy": 0.7437757253646851,
    "ConfusionMatrix": [
      [21917, 412, 101, 3788],
      [3090, 2044, 13, 2971],
      [2813, 69, 224, 3100],
      [2944, 244, 60, 32725]
    ],
    "F1Score": 0.7437757253646851,
    "Precision": 0.7437757253646851,
    "Recall": 0.7437757253646851
  },
  "8": {
    "AUROC": 0.865117073059082,
    "Accuracy": 0.7415016889572144,
    "ConfusionMatrix": [
      [21781, 540, 129, 3768],
      [3098, 2111, 19, 2890],
      [2768, 92, 271, 3075],
      [3048, 281, 71, 32573]
    ],
    "F1Score": 0.7415016889572144,
    "Precision": 0.7415016889572144,
    "Recall": 0.7415016889572144
  },
  "9": {
    "AUROC": 0.8663747310638428,
    "Accuracy": 0.7430830597877502,
    "ConfusionMatrix": [
      [21748, 551, 152, 3767],
      [3020, 2201, 21, 2876],
      [2722, 88, 327, 3069],
      [2997, 309, 86, 32581]
    ],
    "F1Score": 0.7430830597877502,
    "Precision": 0.7430830597877502,
    "Recall": 0.7430830597877502
  },
  "10": {
    "AUROC": 0.868762195110321,
    "Accuracy": 0.7460759282112122,
    "ConfusionMatrix": [
      [21739, 593, 184, 3702],
      [2991, 2340, 31, 2756],
      [2785, 112, 345, 2964],
      [2923, 294, 94, 32662]
    ],
    "F1Score": 0.7460759282112122,
    "Precision": 0.7460759282112122,
    "Recall": 0.7460759282112122
  },
  "11": {
    "AUROC": 0.8669740557670593,
    "Accuracy": 0.7487289905548096,
    "ConfusionMatrix": [
      [21851, 595, 181, 3591],
      [2928, 2399, 28, 2763],
      [2719, 110, 401, 2976],
      [2897, 332, 106, 32638]
    ],
    "F1Score": 0.7487289905548096,
    "Precision": 0.7487289905548096,
    "Recall": 0.7487289905548096
  }
}

